metric,period,segment,value_percent,notes
profile_checks_language_share,2024 (Mar-Dec),English,40,Language version of the website form
profile_checks_language_share,2024 (Mar-Dec),German,60,
profile_checks_language_share,2025,English,55,
profile_checks_language_share,2025,German,45,
profile_checks_language_share,2026 (Jan-mid Jun),English,55,
profile_checks_language_share,2026 (Jan-mid Jun),German,45,
orders_language_share,2024,English,35,
orders_language_share,2025,English,52,
orders_language_share,2026 (Jan-Jun),English,54,
removals_outside_dach_share,2024,Outside DE/AT/CH,41,Country recorded for a subset of 211 removals
removals_outside_dach_share,2025,Outside DE/AT/CH,41,
removals_outside_dach_share,2026 (Jan-Jun),Outside DE/AT/CH,49,
removals_by_country_share,2024-01 to 2026-06,Germany,40.6,n = 826 removals with recorded country
removals_by_country_share,2024-01 to 2026-06,United States,11.9,
removals_by_country_share,2024-01 to 2026-06,Switzerland,9.0,
removals_by_country_share,2024-01 to 2026-06,Austria,8.2,
removals_by_country_share,2024-01 to 2026-06,United Kingdom,5.1,
removals_by_country_share,2024-01 to 2026-06,Netherlands,3.9,
removals_by_country_share,2024-01 to 2026-06,Australia,3.3,
removals_by_country_share,2024-01 to 2026-06,Canada,2.2,
removals_by_country_share,2024-01 to 2026-06,Japan,1.9,
removals_by_country_share,2024-01 to 2026-06,Belgium,1.3,
removals_by_country_share,2024-01 to 2026-06,United Arab Emirates,1.2,
removals_by_country_share,2024-01 to 2026-06,Other countries,11.5,
clients_adding_protection_share,2025,All paid orders,23,Optional monitoring against the profile being re-created
clients_adding_protection_share,2026,All orders,27,
removed_profiles_by_star_rating,2026-06 to 2026-10,1.0-1.9 stars,16,n = 92 removed profiles with a rating at the time of the order
removed_profiles_by_star_rating,2026-06 to 2026-10,2.0-2.9 stars,15,
removed_profiles_by_star_rating,2026-06 to 2026-10,3.0-3.9 stars,21,
removed_profiles_by_star_rating,2026-06 to 2026-10,4.0-4.4 stars,18,
removed_profiles_by_star_rating,2026-06 to 2026-10,4.5-5.0 stars,29,
removed_profiles_below_4_stars_share,2026-06 to 2026-10,All rated removed profiles,52,Average 3.5 stars (median 3.9); all 668 checked profiles: average 3.9 (median 4.3)
removed_profiles_under_10_reviews_share,2026-06 to 2026-10,All removed profiles,46,n = 102; median about 12 reviews
removed_profiles_already_marked_closed_share,2026-06 to 2026-10,All removed profiles,5,Marked "permanently closed" on Google at the time of the order
